Link Name,Center of Mass X,Center of Mass Y,Center of Mass Z,Center of Mass Roll,Center of Mass Pitch,Center of Mass Yaw,Mass,Moment Ixx,Moment Ixy,Moment Ixz,Moment Iyy,Moment Iyz,Moment Izz,Visual X,Visual Y,Visual Z,Visual Roll,Visual Pitch,Visual Yaw,Mesh Filename,Color Red,Color Green,Color Blue,Color Alpha,Collision X,Collision Y,Collision Z,Collision Roll,Collision Pitch,Collision Yaw,Collision Mesh Filename,Material Name,SW Components,Coordinate System,Axis Name,Joint Name,Joint Type,Joint Origin X,Joint Origin Y,Joint Origin Z,Joint Origin Roll,Joint Origin Pitch,Joint Origin Yaw,Parent,Joint Axis X,Joint Axis Y,Joint Axis Z,Limit Effort,Limit Velocity,Limit Lower,Limit Upper,Calibration rising,Calibration falling,Dynamics Damping,Dynamics Friction,Safety Soft Upper,Safety Soft Lower,Safety K Position,Safety K Velocity
base_link,-0.00014435,-1.66e-06,-0.04034123,0,0,0,0.98610884,0.0012749,-2.85e-06,3.57e-06,0.00075879,0.0,0.00116235,0,0,0,0,0,0,package://PiPlus_S_12L8A0G2H0W_Soccer_New/meshes/base_link.STL,0.752941176470588,0.752941176470588,0.752941176470588,1,0,0,0,0,0,0,package://PiPlus_S_12L8A0G2H0W_Soccer_New/meshes/base_link.STL,,base_link-1,base_link,,,,0,0,0,0,0,0,,0,0,0,,,,,,,,,,,,
torso_link,0.0,0.0,0.09532909,0,0,0,3.16987085,0.01839474,0.0,0.0,0.01617720,0.0,0.01662571,0,0,0,0,0,0,package://PiPlus_S_12L8A0G2H0W_Soccer_New/meshes/torso_link.STL,0.752941176470588,0.752941176470588,0.752941176470588,1,0,0,0,0,0,0,package://PiPlus_S_12L8A0G2H0W_Soccer_New/meshes/torso_link.STL,,torso_link-1,torso_link,A_torso_link,torso_joint,fixed,0,0,0,0,0,0,base_link,0,0,0,,,,,,,,,,,,
r_shoulder_pitch_link,-0.0023165,-0.01720478,0.00020825,0,0,0,0.13935188,7.568e-05,-3.2e-06,5e-08,0.00012196,-6.5e-07,0.00014519,0,0,0,0,0,0,package://PiPlus_S_12L8A0G2H0W_Soccer_New/meshes/r_shoulder_pitch_link.STL,0.752941176470588,0.752941176470588,0.752941176470588,1,0,0,0,0,0,0,package://PiPlus_S_12L8A0G2H0W_Soccer_New/meshes/r_shoulder_pitch_link.STL,,r_shoulder_pitch_link-1,r_shoulder_pitch_link,A_r_shoulder_pitch_link,r_shoulder_pitch_joint,revolute,0,-0.1084,0.117,0,0,0,torso_link,0,1,0,0,0,0,0,,,,,,,,
r_shoulder_roll_link,-0.00164862,-0.00020989,-0.02488799,0,0,0,0.55615019,0.00051303,-2e-07,1.879e-05,0.00052161,-2.18e-06,0.0001534,0,0,0,0,0,0,package://PiPlus_S_12L8A0G2H0W_Soccer_New/meshes/r_shoulder_roll_link.STL,0.752941176470588,0.752941176470588,0.752941176470588,1,0,0,0,0,0,0,package://PiPlus_S_12L8A0G2H0W_Soccer_New/meshes/r_shoulder_roll_link.STL,,r_shoulder_roll_link-2,r_shoulder_roll_link,A_r_shoulder_roll_link,r_shoulder_roll_joint,revolute,0,-0.038,0,0,0,0,r_shoulder_pitch_link,1,0,0,0,0,0,0,,,,,,,,
r_upper_arm_link,3.107e-05,-0.00138646,-0.01213494,0,0,0,0.15318326,0.00017707,-2.7e-07,1.4e-07,0.00011359,-7.27e-06,0.00014214,0,0,0,0,0,0,package://PiPlus_S_12L8A0G2H0W_Soccer_New/meshes/r_upper_arm_link.STL,0.752941176470588,0.752941176470588,0.752941176470588,1,0,0,0,0,0,0,package://PiPlus_S_12L8A0G2H0W_Soccer_New/meshes/r_upper_arm_link.STL,,r_upper_arm_link-1,r_upper_arm_link,A_r_upper_arm_link,r_upper_arm_joint,revolute,0,0,-0.0724,0,0,0,r_shoulder_roll_link,0,0,1,0,0,0,0,,,,,,,,
r_elbow_link,5.69e-05,-0.00308341,-0.00211549,0,0,0,0.31317542,0.00010775,5e-08,-3e-07,9.336e-05,-4.5e-07,9.783e-05,0,0,0,0,0,0,package://PiPlus_S_12L8A0G2H0W_Soccer_New/meshes/r_elbow_link.STL,0.752941176470588,0.752941176470588,0.752941176470588,1,0,0,0,0,0,0,package://PiPlus_S_12L8A0G2H0W_Soccer_New/meshes/r_elbow_link.STL,,r_elbow_link-1,r_elbow_link,A_r_elbow_link,r_elbow_joint,revolute,0,0,-0.038,0,0,0,r_upper_arm_link,0,1,0,0,0,0,0,,,,,,,,
r_wrist_link,3.045000e-05,-4.830000e-06,-0.04078253,0,0,0,0.07518056,1.180900e-04,0.0,1.200000e-07,1.182300e-04,-2.000000e-08,1.105000e-05,0,0,0,0,0,0,package://PiPlus_S_12L8A0G2H0W_Soccer_New/meshes/r_wrist_link.STL,0.752941176470588,0.752941176470588,0.752941176470588,1,0,0,0,0,0,0,package://PiPlus_S_12L8A0G2H0W_Soccer_New/meshes/r_wrist_link.STL,,r_wrist_link-2,r_wrist_link,A_r_wrist_link,r_wrist_joint,fixed,0,0,-0.029,0,0,0,r_elbow_link,0,0,0,0,0,0,0,,,,,,,,
l_shoulder_pitch_link,-0.00231650,0.01720478,2.082500e-04,0,0,0,0.13935188,7.568000e-05,3.200000e-06,5.000000e-08,1.219600e-04,6.500000e-07,1.451900e-04,0,0,0,0,0,0,package://PiPlus_S_12L8A0G2H0W_Soccer_New/meshes/l_shoulder_pitch_link.STL,0.752941176470588,0.752941176470588,0.752941176470588,1,0,0,0,0,0,0,package://PiPlus_S_12L8A0G2H0W_Soccer_New/meshes/l_shoulder_pitch_link.STL,,l_shoulder_pitch_link-1,l_shoulder_pitch_link,A_l_shoulder_pitch_link,l_shoulder_pitch_joint,revolute,0,0.1084,0.11698,0,0,0,torso_link,0,1,0,0,0,0,0,,,,,,,,
l_shoulder_roll_link,-0.00164862,2.098900e-04,-0.02488799,0,0,0,0.55615019,5.130300e-04,2.000000e-07,1.879000e-05,5.216100e-04,2.180000e-06,1.534000e-04,0,0,0,0,0,0,package://PiPlus_S_12L8A0G2H0W_Soccer_New/meshes/l_shoulder_roll_link.STL,0.752941176470588,0.752941176470588,0.752941176470588,1,0,0,0,0,0,0,package://PiPlus_S_12L8A0G2H0W_Soccer_New/meshes/l_shoulder_roll_link.STL,,l_shoulder_roll_link-1,l_shoulder_roll_link,A_l_shoulder_roll_link,l_shoulder_roll_joint,revolute,0,0.038,0,0,0,0,l_shoulder_pitch_link,1,0,0,0,0,0,0,,,,,,,,
l_upper_arm_link,3.107000e-05,0.00138646,-0.01213494,0,0,0,0.15318326,1.770700e-04,2.700000e-07,1.400000e-07,1.135900e-04,7.270000e-06,1.421400e-04,0,0,0,0,0,0,package://PiPlus_S_12L8A0G2H0W_Soccer_New/meshes/l_upper_arm_link.STL,0.752941176470588,0.752941176470588,0.752941176470588,1,0,0,0,0,0,0,package://PiPlus_S_12L8A0G2H0W_Soccer_New/meshes/l_upper_arm_link.STL,,l_upper_arm_link-1,l_upper_arm_link,A_l_upper_arm_link,l_upper_arm_joint,revolute,0,0,-0.0724,0,0,0,l_shoulder_roll_link,0,0,1,0,0,0,0,,,,,,,,
l_elbow_link,5.690000e-05,0.00308341,-0.00211549,0,0,0,0.31317542,1.077500e-04,-5.000000e-08,-3.000000e-07,9.336000e-05,4.500000e-07,9.783000e-05,0,0,0,0,0,0,package://PiPlus_S_12L8A0G2H0W_Soccer_New/meshes/l_elbow_link.STL,0.752941176470588,0.752941176470588,0.752941176470588,1,0,0,0,0,0,0,package://PiPlus_S_12L8A0G2H0W_Soccer_New/meshes/l_elbow_link.STL,,l_elbow_link-1,l_elbow_link,A_l_elbow_link,l_elbow_joint,revolute,0,0,-0.038,0,0,0,l_upper_arm_link,0,1,0,0,0,0,0,,,,,,,,
l_wrist_link,3.045e-05,4.83e-06,-0.04078253,0,0,0,0.07518056,0.00011809,0.0,1.2e-07,0.00011823,2e-08,1.105e-05,0,0,0,0,0,0,package://PiPlus_S_12L8A0G2H0W_Soccer_New/meshes/l_wrist_link.STL,0.752941176470588,0.752941176470588,0.752941176470588,1,0,0,0,0,0,0,package://PiPlus_S_12L8A0G2H0W_Soccer_New/meshes/l_wrist_link.STL,,l_wrist_link-2,l_wrist_link,A_l_wrist_link,l_wrist_joint,fixed,0,0,-0.029,0,0,0,l_elbow_link,0,0,0,0,0,0,0,,,,,,,,
head_yaw_link,0.0,0.0,0.02408163,0,0,0,0.20966327,5.519000e-05,0.0,0.0,5.519000e-05,0.0,5.081000e-05,0,0,0,0,0,0,package://PiPlus_S_12L8A0G2H0W_Soccer_New/meshes/head_yaw_link.STL,0.752941176470588,0.752941176470588,0.752941176470588,1,0,0,0,0,0,0,package://PiPlus_S_12L8A0G2H0W_Soccer_New/meshes/head_yaw_link.STL,,head_yaw_link-1,head_yaw_link,A_head_yaw_link,head_yaw_joint,revolute,0.014,-0.00026667,0.1981,0,0,0,torso_link,0,0,1,0,0,0,0,,,,,,,,
head_pitch_link,0.01222089,-0.00264278,0.06379456,0,0,0,0.48492459,0.00144051,7.26e-06,-1.754e-05,0.00096481,-3.18e-06,0.00181857,0,0,0,0,0,0,package://PiPlus_S_12L8A0G2H0W_Soccer_New/meshes/head_pitch_link.STL,0.752941176470588,0.752941176470588,0.752941176470588,1,0,0,0,0,0,0,package://PiPlus_S_12L8A0G2H0W_Soccer_New/meshes/head_pitch_link.STL,,head_pitch_link-2,head_pitch_link,A_head_pitch_link,head_pitch_joint,revolute,0,0,0.0275,0,0,0,head_yaw_link,0,1,0,0,0,0,0,,,,,,,,
camera_link,0.00963743,0.00075253,0.00058537,0,0,0,0.0584,7.259e-05,9.8e-07,0.0,5.53e-06,6e-08,7.249e-05,0,0,0,0,0,0,package://PiPlus_S_12L8A0G2H0W_Soccer_New/meshes/camera_link.STL,0.752941176470588,0.752941176470588,0.752941176470588,1,0,0,0,0,0,0,package://PiPlus_S_12L8A0G2H0W_Soccer_New/meshes/camera_link.STL,,camera_link-1,camera_link,,camera_joint,fixed,0.048925,0.0053519,0.058472,0,0,0,head_pitch_link,0,0,0,,,,,,,,,,,,
r_hip_pitch_link,7.92e-05,-0.03190261,9.097e-05,0,0,0,0.45931392,0.00027163,1.14e-06,-6.6e-07,0.00026494,-4.1e-07,0.00027956,0,0,0,0,0,0,package://PiPlus_S_12L8A0G2H0W_Soccer_New/meshes/r_hip_pitch_link.STL,0.752941176470588,0.752941176470588,0.752941176470588,1,0,0,0,0,0,0,package://PiPlus_S_12L8A0G2H0W_Soccer_New/meshes/r_hip_pitch_link.STL,,r_hip_pitch_link-2,r_hip_pitch_link,A_r_hip_pitch_link,r_hip_pitch_joint,revolute,0,-0.0475,-0.0435,0,0,0,base_link,0,1,0,0,0,0,0,,,,,,,,
r_hip_roll_link,0.00102172,-0.00033797,-0.05845832,0,0,0,0.55820116,0.00062111,-1.14e-06,-3.416e-05,0.00074025,-5.5e-07,0.00041298,0,0,0,0,0,0,package://PiPlus_S_12L8A0G2H0W_Soccer_New/meshes/r_hip_roll_link.STL,0.752941176470588,0.752941176470588,0.752941176470588,1,0,0,0,0,0,0,package://PiPlus_S_12L8A0G2H0W_Soccer_New/meshes/r_hip_roll_link.STL,,r_hip_roll_link-1,r_hip_roll_link,A_r_hip_roll_link,r_hip_roll_joint,revolute,0,-0.034,0,0,0,0,r_hip_pitch_link,1,0,0,0,0,0,0,,,,,,,,
r_thigh_link,0.00064557,-0.00075206,-0.02084055,0,0,0,0.15484273,0.00018778,4.5e-07,-8.8e-07,0.00010058,-5.6e-07,0.00016124,0,0,0,0,0,0,package://PiPlus_S_12L8A0G2H0W_Soccer_New/meshes/r_thigh_link.STL,0.752941176470588,0.752941176470588,0.752941176470588,1,0,0,0,0,0,0,package://PiPlus_S_12L8A0G2H0W_Soccer_New/meshes/r_thigh_link.STL,,r_thigh_link-1,r_thigh_link,A_r_thigh_link,r_thigh_joint,revolute,-0.00035,0,-0.0974,0,0,0,r_hip_roll_link,0,0,1,0,0,0,0,,,,,,,,
r_calf_link,-1.001e-05,-0.00237049,-0.06661243,0,0,0,0.85852308,0.00416941,-6e-08,-9.9e-06,0.00414652,-5.94e-06,0.00042931,0,0,0,0,0,0,package://PiPlus_S_12L8A0G2H0W_Soccer_New/meshes/r_calf_link.STL,0.752941176470588,0.752941176470588,0.752941176470588,1,0,0,0,0,0,0,package://PiPlus_S_12L8A0G2H0W_Soccer_New/meshes/r_calf_link.STL,,r_calf_link-1,r_calf_link,A_r_calf_link,r_calf_joint,revolute,0,0,-0.045,0,0,0,r_thigh_link,0,1,0,0,0,0,0,,,,,,,,
r_ankle_pitch_link,0.00503044,0.00051345,-0.00016685,0,0,0,0.16352634,0.00011538,4.2e-07,1.65e-06,0.00020824,-6.3e-07,0.00028929,0,0,0,0,0,0,package://PiPlus_S_12L8A0G2H0W_Soccer_New/meshes/r_ankle_pitch_link.STL,0.752941176470588,0.752941176470588,0.752941176470588,1,0,0,0,0,0,0,package://PiPlus_S_12L8A0G2H0W_Soccer_New/meshes/r_ankle_pitch_link.STL,,r_ankle_pitch_link-1,r_ankle_pitch_link,A_r_ankle_pitch_link,r_ankle_pitch_joint,revolute,0,0,-0.14,0,0,0,r_calf_link,0,1,0,0,0,0,0,,,,,,,,
r_ankle_roll_link,0.0046213,8.211e-05,-0.01502099,0,0,0,0.61662552,0.00054662,-8.4e-07,-0.00025529,0.00150792,8e-07,0.0013343,0,0,0,0,0,0,package://PiPlus_S_12L8A0G2H0W_Soccer_New/meshes/r_ankle_roll_link.STL,0.752941176470588,0.752941176470588,0.752941176470588,1,0,0,0,0,0,0,package://PiPlus_S_12L8A0G2H0W_Soccer_New/meshes/r_ankle_roll_link.STL,,r_ankle_roll_link-1,r_ankle_roll_link,A_r_ankle_roll_link,r_ankle_roll_joint,revolute,0.051,0,0,0,0,0,r_ankle_pitch_link,1,0,0,0,0,0,0,,,,,,,,
l_hip_pitch_link,7.920000e-05,0.03190261,9.097000e-05,0,0,0,0.45931392,2.716300e-04,-1.140000e-06,-6.600000e-07,2.649400e-04,4.100000e-07,2.795600e-04,0,0,0,0,0,0,package://PiPlus_S_12L8A0G2H0W_Soccer_New/meshes/l_hip_pitch_link.STL,0.752941176470588,0.752941176470588,0.752941176470588,1,0,0,0,0,0,0,package://PiPlus_S_12L8A0G2H0W_Soccer_New/meshes/l_hip_pitch_link.STL,,l_hip_pitch_link-1,l_hip_pitch_link,A_l_hip_pitch_link,l_hip_pitch_joint,revolute,0,0.0475,-0.0435,0,0,0,base_link,0,1,0,0,0,0,0,,,,,,,,
l_hip_roll_link,0.00102172,3.379700e-04,-0.05845832,0,0,0,0.55820116,6.211100e-04,1.140000e-06,-3.416000e-05,7.402500e-04,5.500000e-07,4.129800e-04,0,0,0,0,0,0,package://PiPlus_S_12L8A0G2H0W_Soccer_New/meshes/l_hip_roll_link.STL,0.752941176470588,0.752941176470588,0.752941176470588,1,0,0,0,0,0,0,package://PiPlus_S_12L8A0G2H0W_Soccer_New/meshes/l_hip_roll_link.STL,,l_hip_roll_link-1,l_hip_roll_link,A_l_hip_roll_link,l_hip_roll_joint,revolute,0,0.034,0,0,0,0,l_hip_pitch_link,1,0,0,0,0,0,0,,,,,,,,
l_thigh_link,6.455700e-04,7.520600e-04,-0.02084055,0,0,0,0.15484273,1.877800e-04,-4.500000e-07,-8.800000e-07,1.005800e-04,5.600000e-07,1.612400e-04,0,0,0,0,0,0,package://PiPlus_S_12L8A0G2H0W_Soccer_New/meshes/l_thigh_link.STL,0.752941176470588,0.752941176470588,0.752941176470588,1,0,0,0,0,0,0,package://PiPlus_S_12L8A0G2H0W_Soccer_New/meshes/l_thigh_link.STL,,l_thigh_link-1,l_thigh_link,A_l_thigh_link,l_thigh_joint,revolute,-0.00035,0,-0.0974,0,0,0,l_hip_roll_link,0,0,1,0,0,0,0,,,,,,,,
l_calf_link,-1.001000e-05,0.00237049,-0.06661243,0,0,0,0.85852308,0.00416941,6.000000e-08,-9.900000e-06,0.00414652,5.940000e-06,4.293100e-04,0,0,0,0,0,0,package://PiPlus_S_12L8A0G2H0W_Soccer_New/meshes/l_calf_link.STL,0.752941176470588,0.752941176470588,0.752941176470588,1,0,0,0,0,0,0,package://PiPlus_S_12L8A0G2H0W_Soccer_New/meshes/l_calf_link.STL,,l_calf_link-1,l_calf_link,A_l_calf_link,l_calf_joint,revolute,0,0,-0.045,0,0,0,l_thigh_link,0,1,0,0,0,0,0,,,,,,,,
l_ankle_pitch_link,0.00503044,-5.134500e-04,-1.668500e-04,0,0,0,0.16352634,1.153800e-04,-4.200000e-07,1.650000e-06,2.082400e-04,6.300000e-07,2.892900e-04,0,0,0,0,0,0,package://PiPlus_S_12L8A0G2H0W_Soccer_New/meshes/l_ankle_pitch_link.STL,0.752941176470588,0.752941176470588,0.752941176470588,1,0,0,0,0,0,0,package://PiPlus_S_12L8A0G2H0W_Soccer_New/meshes/l_ankle_pitch_link.STL,,l_ankle_pitch_link-1,l_ankle_pitch_link,A_l_ankle_pitch_link,l_ankle_pitch_joint,revolute,0,0,-0.14,0,0,0,l_calf_link,0,1,0,0,0,0,0,,,,,,,,
l_ankle_roll_link,0.00462130,-8.211000e-05,-0.01502099,0,0,0,0.61662552,5.466200e-04,8.400000e-07,-2.552900e-04,0.00150792,-8.000000e-07,0.00133430,0,0,0,0,0,0,package://PiPlus_S_12L8A0G2H0W_Soccer_New/meshes/l_ankle_roll_link.STL,0.752941176470588,0.752941176470588,0.752941176470588,1,0,0,0,0,0,0,package://PiPlus_S_12L8A0G2H0W_Soccer_New/meshes/l_ankle_roll_link.STL,,l_ankle_roll_link-1,l_ankle_roll_link,A_l_ankle_roll_link,l_ankle_roll_joint,revolute,0.051,0,0,0,0,0,l_ankle_pitch_link,1,0,0,0,0,0,0,,,,,,,,
